{"packets_sent": 1, "errors_detected": 0, "latency_records": [0.0033669471740722656], "throughput": 297.0049568049851, "avg_latency": 0.0033669471740722656, "error_rate": 0.0}