{"packets_sent": 267, "errors_detected": 50, "latency_records": [0.004015684127807617, 0.007040977478027344, 0.0020949840545654297, 0.001333475112915039, 0.0019867420196533203, 0.002025127410888672, 0.0009887218475341797, 0.0030014514923095703, 0.002002716064453125, 0.0033249855041503906, 0.0020236968994140625, 0.0019724369049072266, 0.002026796340942383, 0.0019915103912353516, 0.0035164356231689453, 0.001986980438232422, 0.003000020980834961, 0.0019421577453613281, 0.0020830631256103516, 0.002008199691772461, 0.0019910335540771484, 0.00400233268737793, 0.003019571304321289, 0.0029802322387695312, 0.0019979476928710938, 0.0019986629486083984, 0.0019998550415039062, 0.004010438919067383, 0.0019941329956054688, 0.0031304359436035156, 0.0020737648010253906, 0.001996755599975586, 0.0030107498168945312, 0.001999378204345703, 0.004996538162231445, 0.003005504608154297, 0.0024652481079101562, 0.0020148754119873047, 0.0020084381103515625, 0.003491640090942383, 0.002989053726196289, 0.0019991397857666016, 0.002051830291748047, 0.001947641372680664, 0.0020008087158203125, 0.002001523971557617, 0.0019996166229248047, 0.002000093460083008, 0.0030002593994140625, 0.0029993057250976562, 0.0020051002502441406, 0.001995086669921875, 0.0010008811950683594, 0.0020079612731933594, 0.004376649856567383, 0.003019094467163086, 0.0009961128234863281, 0.0010039806365966797, 0.0019953250885009766, 0.0010001659393310547, 0.001047372817993164, 0.0009975433349609375, 0.0020606517791748047, 0.0028955936431884766, 0.002003908157348633, 0.0029952526092529297, 0.0011010169982910156, 0.0010151863098144531, 0.0018863677978515625, 0.0011153221130371094, 0.001882314682006836, 0.0020024776458740234, 0.0019991397857666016, 0.003401041030883789, 0.0020711421966552734, 0.0008909702301025391, 0.0031108856201171875, 0.0019297599792480469, 0.0019576549530029297, 0.0019905567169189453, 0.00115203857421875, 0.0008447170257568359, 0.0010678768157958984, 0.0009312629699707031, 0.0015499591827392578, 0.002148151397705078, 0.0010068416595458984, 0.0018582344055175781, 0.001003265380859375, 0.0029985904693603516, 0.0034554004669189453, 0.0030121803283691406, 0.006695985794067383, 0.0024178028106689453, 0.0019986629486083984, 0.0020072460174560547, 0.0020067691802978516, 0.003995180130004883, 0.0034601688385009766, 0.003010272979736328, 0.0019943714141845703, 0.001993894577026367, 0.0020203590393066406, 0.006242036819458008, 0.002995014190673828, 0.0022475719451904297, 0.002011537551879883, 0.0020008087158203125, 0.004216194152832031, 0.0012917518615722656, 0.0020210742950439453, 0.0019936561584472656, 0.0013604164123535156, 0.0014545917510986328, 0.002494335174560547, 0.003054380416870117, 0.004999637603759766, 0.0030748844146728516, 0.0019948482513427734, 0.0012156963348388672, 0.002014636993408203, 0.0019969940185546875, 0.0030035972595214844, 0.0010006427764892578, 0.0030019283294677734, 0.0020008087158203125, 0.0020453929901123047, 0.002082347869873047, 0.007246971130371094, 0.0025250911712646484, 0.002996683120727539, 0.0010013580322265625, 0.007299661636352539, 0.0033948421478271484, 0.0010044574737548828, 0.0035314559936523438, 0.0015218257904052734, 0.005304813385009766, 0.0021049976348876953, 0.0034987926483154297, 0.0010018348693847656, 0.001001119613647461, 0.0009989738464355469, 0.003003358840942383, 0.005001544952392578, 0.004333972930908203, 0.014839649200439453, 0.004004716873168945, 0.01399683952331543, 0.002157926559448242, 0.0030002593994140625, 0.02548050880432129, 0.020484209060668945, 0.008714675903320312, 0.002000093460083008, 0.001999378204345703, 0.00400090217590332, 0.006227970123291016, 0.001993894577026367, 0.002313852310180664, 0.0009992122650146484, 0.0020008087158203125, 0.00099945068359375, 0.0010004043579101562, 0.003990650177001953, 0.002068758010864258, 0.0010221004486083984, 0.001993894577026367, 0.001996755599975586, 0.0009982585906982422, 0.0019986629486083984, 0.0032548904418945312, 0.0029985904693603516, 0.0019991397857666016, 0.0009961128234863281, 0.0012693405151367188, 0.0013895034790039062, 0.0009999275207519531, 0.001989603042602539, 0.0021686553955078125, 0.0010204315185546875, 0.0019838809967041016, 0.0020024776458740234, 0.001993417739868164, 0.0020072460174560547, 0.0021033287048339844, 0.0050029754638671875, 0.003999948501586914, 0.0020895004272460938, 0.0029478073120117188, 0.004971981048583984, 0.0019996166229248047, 0.003965139389038086, 0.0019986629486083984, 0.0020079612731933594, 0.007996320724487305, 0.002991199493408203, 0.0019974708557128906, 0.002000093460083008, 0.006007194519042969, 0.004991054534912109, 0.0030014514923095703, 0.003025054931640625, 0.00597691535949707, 0.0030803680419921875, 0.002020120620727539, 0.002979278564453125, 0.007967710494995117, 0.0049898624420166016, 0.005006551742553711, 0.0069904327392578125, 0.002997875213623047, 0.0019969940185546875, 0.002003192901611328, 0.004974365234375, 0.004000425338745117, 0.0030024051666259766, 0.007998466491699219, 0.005003929138183594, 0.008996009826660156, 0.017038822174072266, 0.002959012985229492, 0.003000020980834961, 0.003000497817993164, 0.003001689910888672, 0.006001949310302734, 0.004003763198852539, 0.001992464065551758, 0.0010001659393310547, 0.0020017623901367188, 0.0040035247802734375, 0.0040264129638671875, 0.001968860626220703, 0.0009999275207519531, 0.0020003318786621094, 0.0009987354278564453, 0.0009989738464355469, 0.004005908966064453, 0.003998279571533203, 0.003001689910888672, 0.0019958019256591797, 0.0009989738464355469, 0.0009984970092773438, 0.0030028820037841797, 0.002997875213623047, 0.0029990673065185547, 0.002002716064453125, 0.001999378204345703, 0.001996755599975586, 0.003009319305419922, 0.003992319107055664, 0.0030012130737304688, 0.0019974708557128906, 0.0010001659393310547, 0.0009989738464355469, 0.0010027885437011719, 0.003998994827270508, 0.0040166378021240234, 0.0019893646240234375, 0.0029935836791992188, 0.0009980201721191406, 0.003002643585205078, 0.004008054733276367, 0.002000093460083008, 0.0009953975677490234, 0.003002166748046875, 0.0009982585906982422], "throughput": 338.8530486902673, "avg_latency": 0.0029511317778169437, "error_rate": 18.726591760299627, "power_mw": 157.5565888908472}