{
    "packets_sent": 64,
    "errors_detected": 10,
    "latency_records": [
        0.003999471664428711,
        0.001001119613647461,
        0.0010001659393310547,
        0.0,
        0.0009982585906982422,
        0.0,
        0.0,
        0.001001119613647461,
        0.0009984970092773438,
        0.001001119613647461,
        0.0,
        0.0,
        0.0010001659393310547,
        0.0010008811950683594,
        0.0010013580322265625,
        0.0009982585906982422,
        0.00099945068359375,
        0.0,
        0.0,
        0.0010254383087158203,
        0.0,
        0.0010001659393310547,
        0.0010018348693847656,
        0.0,
        0.00099945068359375,
        0.0009996891021728516,
        0.0,
        0.0,
        0.0,
        0.0,
        0.0010006427764892578,
        0.0009992122650146484,
        0.0,
        0.00099945068359375,
        0.0010039806365966797,
        0.0009963512420654297,
        0.0010006427764892578,
        0.002999544143676758,
        0.0009989738464355469,
        0.0010058879852294922,
        0.0,
        0.0,
        0.0,
        0.000997781753540039,
        0.0009989738464355469,
        0.0,
        0.000985860824584961,
        0.0,
        0.0,
        0.0009999275207519531,
        0.0,
        0.0010004043579101562,
        0.0020024776458740234,
        0.0010018348693847656,
        0.0009946823120117188,
        0.0010001659393310547,
        0.0,
        0.0,
        0.0010006427764892578,
        0.0010178089141845703
    ],
    "jitter_records": [
        0.00299835205078125,
        9.5367431640625e-07,
        0.0010001659393310547,
        0.0009982585906982422,
        0.0009982585906982422,
        0.0,
        0.001001119613647461,
        2.6226043701171875e-06,
        2.6226043701171875e-06,
        0.001001119613647461,
        0.0,
        0.0010001659393310547,
        7.152557373046875e-07,
        4.76837158203125e-07,
        3.0994415283203125e-06,
        1.1920928955078125e-06,
        0.00099945068359375,
        0.0,
        0.0010254383087158203,
        0.0010254383087158203,
        0.0010001659393310547,
        1.6689300537109375e-06,
        0.0010018348693847656,
        0.00099945068359375,
        2.384185791015625e-07,
        0.0009996891021728516,
        0.0,
        0.0,
        0.0,
        0.0010006427764892578,
        1.430511474609375e-06,
        0.0009992122650146484,
        0.00099945068359375,
        4.5299530029296875e-06,
        7.62939453125e-06,
        4.291534423828125e-06,
        0.0019989013671875,
        0.002000570297241211,
        6.9141387939453125e-06,
        0.0010058879852294922,
        0.0,
        0.0,
        0.000997781753540039,
        1.1920928955078125e-06,
        0.0009989738464355469,
        0.000985860824584961,
        0.000985860824584961,
        0.0,
        0.0009999275207519531,
        0.0009999275207519531,
        0.0010004043579101562,
        0.0010020732879638672,
        0.0010006427764892578,
        7.152557373046875e-06,
        5.4836273193359375e-06,
        0.0010001659393310547,
        0.0,
        0.0010006427764892578,
        1.71661376953125e-05
    ],
    "packet_loss_rate": 6.25,
    "throughput": 1487.2759186206285,
    "avg_latency": 0.0007171948750813802,
    "avg_jitter": 0.0005948341498940678,
    "error_rate": 15.625,
    "power_mw": 45.859743754069
}