{"packets_sent": 1, "errors_detected": 0, "latency_records": [0.0033571720123291016], "throughput": 297.8697535686386, "avg_latency": 0.0033571720123291016, "error_rate": 0.0, "power_mw": 177.85860061645508}